Material	Source	Gates
Soralite Ingot	Refined at Ancient Furnace from Soralite ore (Sunreach-only)	Mechanical Bow / Combat SMG / Prototype Shotgun / Heavy Assault Rifle / Tactical Grenade Launcher / Laser Sword
Paloxite Ingot	Refined at Ancient Furnace, needs Soralite + Paloxite ore + World Tree Holy Water (World Tree-only)	Beam Scatter / Drone Launcher / Plasma Rifle / Beam Launcher
World Tree Holy Water	Drop-only — Alpha Pals, World Tree treasure sources	Paloxite Ingot refining / Drone Launcher
AI Core	Crafted at Advanced Workshop / Ancient Workbench	All 1.0 Ancient-tier weapons
Ancient Civilization Core	Drop/treasure-box only	All 1.0 Ancient-tier weapons
Ancient Civilization Parts	Drop/treasure-box only, no crafting recipe	Every schematic tier upgrade, almost every weapon
Bio Battery	Standard mid-game crafting materials	Various, per-weapon	Rarity	Attack	Mag Size	Weight	Durability	Materials	Schematic Unlock	Crafting Station
Common	508	30	20	950	Paloxite Ingot ×50 Soralite Ingot ×50 AI Core ×5 Ancient Civilization Core ×5	Technology Lv. 75	Ancient Workbench
Uncommon	533	32	20	1425	Paloxite Ingot ×62 Soralite Ingot ×62 AI Core ×6 Ancient Civilization Core ×6 Ancient Civilization Parts ×7	Beam Scatter Schematic 1	Ancient Workbench
Rare	558	34	20	1900	Paloxite Ingot ×75 Soralite Ingot ×75 AI Core ×7 Ancient Civilization Core ×7 Ancient Civilization Parts ×8	Beam Scatter Schematic 2	Ancient Workbench
Epic	584	36	20	2850	Paloxite Ingot ×87 Soralite Ingot ×87 AI Core ×8 Ancient Civilization Core ×8 Ancient Civilization Parts ×9	Beam Scatter Schematic 3	Ancient Workbench
Legendary	609	38	20	3800	Paloxite Ingot ×100 Soralite Ingot ×100 AI Core ×10 Ancient Civilization Core ×10 Ancient Civilization Parts ×10	Beam Scatter Schematic 4	Ancient Workbench	Rarity	Attack	Weight	Durability	Materials	Schematic Unlock	Crafting Station
Common	200	5	6500	Paloxite Ingot ×70 World Tree Holy Water ×40 AI Core ×8 Ancient Civilization Core ×5	Technology Lv. 77	Ancient Workbench
Uncommon	210	5	9750	Paloxite Ingot ×87 World Tree Holy Water ×50 AI Core ×10 Ancient Civilization Core ×6 Ancient Civilization Parts ×7	Drone Launcher Schematic 1	Ancient Workbench
Rare	220	5	13000	Paloxite Ingot ×105 World Tree Holy Water ×60 AI Core ×12 Ancient Civilization Core ×7 Ancient Civilization Parts ×8	Drone Launcher Schematic 2	Ancient Workbench
Epic	230	5	19500	Paloxite Ingot ×122 World Tree Holy Water ×70 AI Core ×14 Ancient Civilization Core ×8 Ancient Civilization Parts ×9	Drone Launcher Schematic 3	Ancient Workbench
Legendary	240	5	26000	Paloxite Ingot ×140 World Tree Holy Water ×80 AI Core ×16 Ancient Civilization Core ×10 Ancient Civilization Parts ×10	Drone Launcher Schematic 4	Ancient Workbench	Rarity	Attack	Mag Size	Weight	Durability	Materials	Schematic Unlock	Crafting Station
Common	1860	38	5	25000	Paloxite Ingot ×80 Bio Battery ×50 AI Core ×8 Ancient Civilization Core ×7	Technology Lv. 78	Ancient Workbench
Uncommon	1953	40	5	37500	Paloxite Ingot ×100 Bio Battery ×62 AI Core ×10 Ancient Civilization Core ×8 Ancient Civilization Parts ×7	Plasma Rifle Schematic 1	Ancient Workbench
Rare	2046	42	5	50000	Paloxite Ingot ×120 Bio Battery ×75 AI Core ×12 Ancient Civilization Core ×10 Ancient Civilization Parts ×8	Plasma Rifle Schematic 2	Ancient Workbench
Epic	2139	44	5	75000	Paloxite Ingot ×140 Bio Battery ×87 AI Core ×14 Ancient Civilization Core ×12 Ancient Civilization Parts ×9	Plasma Rifle Schematic 3	Ancient Workbench
Legendary	2232	46	5	100000	Paloxite Ingot ×160 Bio Battery ×100 AI Core ×16 Ancient Civilization Core ×14 Ancient Civilization Parts ×10	Plasma Rifle Schematic 4	Ancient Workbench	Rarity	Attack	Weight	Durability	Materials	Schematic Unlock	Crafting Station
Common	14000	30	3500	Paloxite Ingot ×100 Bio Battery ×50 AI Core ×10 Ancient Civilization Core ×10	Technology Lv. 80	Ancient Workbench
Uncommon	14700	30	5250	Paloxite Ingot ×125 Bio Battery ×62 AI Core ×12 Ancient Civilization Core ×12 Ancient Civilization Parts ×7	Beam Launcher Schematic 1	Ancient Workbench
Rare	15400	30	7000	Paloxite Ingot ×150 Bio Battery ×75 AI Core ×15 Ancient Civilization Core ×15 Ancient Civilization Parts ×8	Beam Launcher Schematic 2	Ancient Workbench
Epic	16100	30	10500	Paloxite Ingot ×175 Bio Battery ×87 AI Core ×17 Ancient Civilization Core ×17 Ancient Civilization Parts ×9	Beam Launcher Schematic 3	Ancient Workbench
Legendary	16800	30	14000	Paloxite Ingot ×200 Bio Battery ×100 AI Core ×20 Ancient Civilization Core ×20 Ancient Civilization Parts ×10	Beam Launcher Schematic 4	Ancient Workbench	Rarity	Attack	Weight	Durability	Materials	Schematic Unlock	Crafting Station
Common	20000	6	2000	Soralite Ingot ×40 Carbon Fiber ×20 Paldium Fragment ×200 AI Core ×3	Technology Lv. 67	Ancient Workbench
Uncommon	21000	6	3000	Soralite Ingot ×50 Carbon Fiber ×25 Paldium Fragment ×250 AI Core ×3 Ancient Civilization Parts ×6	Mechanical Bow Schematic 1	Ancient Workbench
Rare	22000	6	4000	Soralite Ingot ×60 Carbon Fiber ×30 Paldium Fragment ×300 AI Core ×4 Ancient Civilization Parts ×7	Mechanical Bow Schematic 2	Ancient Workbench
Epic	23000	6	6000	Soralite Ingot ×70 Carbon Fiber ×35 Paldium Fragment ×350 AI Core ×5 Ancient Civilization Parts ×8	Mechanical Bow Schematic 3	Ancient Workbench
Legendary	24000	6	8000	Soralite Ingot ×80 Carbon Fiber ×40 Paldium Fragment ×400 AI Core ×6 Ancient Civilization Parts ×9	Mechanical Bow Schematic 4	Ancient Workbench	Rarity	Attack	Mag Size	Weight	Durability	Materials	Schematic Unlock	Crafting Station
Common	907	42	15	8000	Soralite Ingot ×50 Carbon Fiber ×30 Cryogenic Coolant ×20 AI Core ×4	Technology Lv. 68	Ancient Workbench
Uncommon	1088	44	15	12000	Soralite Ingot ×62 Carbon Fiber ×37 Cryogenic Coolant ×25 AI Core ×5 Ancient Civilization Parts ×6	Combat SMG Schematic 1	Ancient Workbench
Rare	1224	46	15	16000	Soralite Ingot ×75 Carbon Fiber ×45 Cryogenic Coolant ×30 AI Core ×6 Ancient Civilization Parts ×7	Combat SMG Schematic 2	Ancient Workbench
Epic	1360	48	15	24000	Soralite Ingot ×87 Carbon Fiber ×52 Cryogenic Coolant ×35 AI Core ×7 Ancient Civilization Parts ×8	Combat SMG Schematic 3	Ancient Workbench
Legendary	1587	50	15	32000	Soralite Ingot ×100 Carbon Fiber ×60 Cryogenic Coolant ×40 AI Core ×8 Ancient Civilization Parts ×9	Combat SMG Schematic 4	Ancient Workbench	Rarity	Attack	Mag Size	Weight	Durability	Materials	Schematic Unlock	Crafting Station
Common	1167	12	20	6000	Soralite Ingot ×60 Carbon Fiber ×40 Thermal Core ×5 AI Core ×5	Technology Lv. 69	Ancient Workbench
Uncommon	1225	14	20	9000	Soralite Ingot ×75 Carbon Fiber ×50 Thermal Core ×6 AI Core ×6 Ancient Civilization Parts ×6	Prototype Shotgun Schematic 1	Ancient Workbench
Rare	1283	16	20	12000	Soralite Ingot ×90 Carbon Fiber ×60 Thermal Core ×7 AI Core ×7 Ancient Civilization Parts ×7	Prototype Shotgun Schematic 2	Ancient Workbench
Epic	1342	18	20	18000	Soralite Ingot ×105 Carbon Fiber ×70 Thermal Core ×8 AI Core ×8 Ancient Civilization Parts ×8	Prototype Shotgun Schematic 3	Ancient Workbench
Legendary	1400	20	20	24000	Soralite Ingot ×120 Carbon Fiber ×80 Thermal Core ×10 AI Core ×10 Ancient Civilization Parts ×9	Prototype Shotgun Schematic 4	Ancient Workbench	Rarity	Attack	Mag Size	Weight	Durability	Materials	Schematic Unlock	Crafting Station
Common	1615	30	5	5500	Soralite Ingot ×100 Carbon Fiber ×50 Bio Battery ×30 AI Core ×5	Technology Lv. 70	Ancient Workbench
Uncommon	1695	34	5	8250	Soralite Ingot ×125 Carbon Fiber ×62 Bio Battery ×37 AI Core ×6 Ancient Civilization Parts ×6	Heavy Assault Rifle Schematic 1	Ancient Workbench
Rare	1776	38	5	11000	Soralite Ingot ×150 Carbon Fiber ×75 Bio Battery ×45 AI Core ×7 Ancient Civilization Parts ×7	Heavy Assault Rifle Schematic 2	Ancient Workbench
Epic	1857	42	5	16500	Soralite Ingot ×175 Carbon Fiber ×87 Bio Battery ×52 AI Core ×8 Ancient Civilization Parts ×8	Heavy Assault Rifle Schematic 3	Ancient Workbench
Legendary	1938	46	5	22000	Soralite Ingot ×200 Carbon Fiber ×100 Bio Battery ×60 AI Core ×10 Ancient Civilization Parts ×9	Heavy Assault Rifle Schematic 4	Ancient Workbench	Rarity	Attack	Mag Size	Weight	Durability	Materials	Schematic Unlock	Crafting Station
Common	6722	8	30	800	Soralite Ingot ×80 Corrosive Solvent ×15 Thermal Core ×5 AI Core ×5	Technology Lv. 72	Ancient Workbench
Uncommon	7058	10	30	1200	Soralite Ingot ×100 Corrosive Solvent ×18 Thermal Core ×6 AI Core ×6 Ancient Civilization Parts ×6	Tactical Grenade Launcher Schematic 1	Ancient Workbench
Rare	7394	10	30	1600	Soralite Ingot ×120 Corrosive Solvent ×22 Thermal Core ×7 AI Core ×7 Ancient Civilization Parts ×7	Tactical Grenade Launcher Schematic 2	Ancient Workbench
Epic	7730	12	30	2400	Soralite Ingot ×140 Corrosive Solvent ×26 Thermal Core ×8 AI Core ×8 Ancient Civilization Parts ×8	Tactical Grenade Launcher Schematic 3	Ancient Workbench
Legendary	8066	12	30	3200	Soralite Ingot ×160 Corrosive Solvent ×30 Thermal Core ×10 AI Core ×10 Ancient Civilization Parts ×9	Tactical Grenade Launcher Schematic 4	Ancient Workbench	Rarity	Attack	Weight	Durability	Materials	Schematic Unlock	Crafting Station
Common	2000	10	1200	Soralite Ingot ×50 Paldium Fragment ×250 Bio Battery ×30 AI Core ×3	Technology Lv. 73	Ancient Workbench
Uncommon	2100	10	1800	Soralite Ingot ×62 Paldium Fragment ×312 Bio Battery ×37 AI Core ×3 Ancient Civilization Parts ×6	Laser Sword Schematic 1	Ancient Workbench
Rare	2200	10	2400	Soralite Ingot ×75 Paldium Fragment ×375 Bio Battery ×45 AI Core ×4 Ancient Civilization Parts ×7	Laser Sword Schematic 2	Ancient Workbench
Epic	2300	10	3600	Soralite Ingot ×87 Paldium Fragment ×437 Bio Battery ×52 AI Core ×5 Ancient Civilization Parts ×8	Laser Sword Schematic 3	Ancient Workbench
Legendary	2400	10	4800	Soralite Ingot ×100 Paldium Fragment ×500 Bio Battery ×60 AI Core ×6 Ancient Civilization Parts ×9	Laser Sword Schematic 4	Ancient Workbench	Rarity	Attack	Weight	Durability	Materials	Schematic Unlock	Crafting Station
Common	180	10	500	Wooden Board ×2 Stone ×15 Ingot ×15	Technology Lv. 17	High Quality Workbench Production Assembly Line Production Assembly Line II Advanced Workshop Weapon Workbench Weapon Assembly Line Weapon Assembly Line II Advanced Weapon Assembly Line Ancient Workbench	Rarity	Attack	Weight	Durability	Materials	Schematic Unlock	Crafting Station
Common	500	3	500	Hardwood ×30 Refined Ingot ×20	Technology Lv. 40	Production Assembly Line Production Assembly Line II Advanced Workshop Weapon Assembly Line Weapon Assembly Line II Advanced Weapon Assembly Line Ancient Workbench
Uncommon	550	3	750	Hardwood ×37 Refined Ingot ×25	Metal Bat Schematic 1	Production Assembly Line Production Assembly Line II Advanced Workshop Weapon Assembly Line Weapon Assembly Line II Advanced Weapon Assembly Line Ancient Workbench
Rare	600	3	1000	Hardwood ×45 Refined Ingot ×30	Metal Bat Schematic 2	Production Assembly Line Production Assembly Line II Advanced Workshop Weapon Assembly Line Weapon Assembly Line II Advanced Weapon Assembly Line Ancient Workbench
Epic	650	3	1500	Hardwood ×52 Refined Ingot ×35	Metal Bat Schematic 3	Production Assembly Line Production Assembly Line II Advanced Workshop Weapon Assembly Line Weapon Assembly Line II Advanced Weapon Assembly Line Ancient Workbench
Legendary	750	3	2000	Hardwood ×60 Refined Ingot ×40	Metal Bat Schematic 4	Production Assembly Line Production Assembly Line II Advanced Workshop Weapon Assembly Line Weapon Assembly Line II Advanced Weapon Assembly Line Ancient Workbench	Rarity	Attack	Weight	Durability	Materials	Schematic Unlock	Crafting Station
Rare	1200	10	600	Paldium Fragment ×20 Soralite Ingot ×30 High Quality Cloth ×20 High Quality Wooden Board ×20	Technology Lv. 68	Ancient Workbench
Legendary	1500	10	2400	Paldium Fragment ×40 Soralite Ingot ×60 High Quality Cloth ×30 High Quality Wooden Board ×40	Enhanced Lily's Spear Schematic 4	Ancient Workbench	Rarity	Attack	Weight	Durability	Materials	Schematic Unlock	Crafting Station
Common	250	8	400	Ingot ×60 High Quality Pal Oil ×15 Gold Coin ×1 Electric Organ ×30	Technology Lv. 32	Weapon Assembly Line Weapon Assembly Line II Advanced Weapon Assembly Line Ancient Workbench
Uncommon	437	8	1200	Ingot ×75 High Quality Pal Oil ×18 Gold Coin ×1 Electric Organ ×37 Ancient Civilization Parts ×2	Marksman Revolver Schematic 1	Weapon Assembly Line Weapon Assembly Line II Advanced Weapon Assembly Line Ancient Workbench
Rare	500	8	1600	Ingot ×90 High Quality Pal Oil ×22 Gold Coin ×1 Electric Organ ×45 Ancient Civilization Parts ×3	Marksman Revolver Schematic 2	Weapon Assembly Line Weapon Assembly Line II Advanced Weapon Assembly Line Ancient Workbench
Epic	562	8	2000	Ingot ×105 High Quality Pal Oil ×26 Gold Coin ×1 Electric Organ ×52 Ancient Civilization Parts ×4	Marksman Revolver Schematic 3	Weapon Assembly Line Weapon Assembly Line II Advanced Weapon Assembly Line Ancient Workbench
Legendary	625	8	2400	Ingot ×120 High Quality Pal Oil ×30 Gold Coin ×1 Electric Organ ×60 Ancient Civilization Parts ×5	Marksman Revolver Schematic 4	Weapon Assembly Line Weapon Assembly Line II Advanced Weapon Assembly Line Ancient Workbench	Rarity	Attack	Weight	Durability	Materials	Schematic Unlock	Crafting Station
Common	230	20	150	Pal Metal Ingot ×80 Plasteel ×65 Carbon Fiber ×65 Flame Organ ×40	Technology Lv. 56	Weapon Assembly Line II Advanced Weapon Assembly Line
Uncommon	402	20	225	Pal Metal Ingot ×100 Plasteel ×81 Carbon Fiber ×40 Flame Organ ×50 Ancient Civilization Parts ×5	Core Eject Shotgun Schematic 1	Weapon Assembly Line II Advanced Weapon Assembly Line
Rare	460	20	300	Pal Metal Ingot ×120 Plasteel ×97 Carbon Fiber ×48 Flame Organ ×60 Ancient Civilization Parts ×6	Core Eject Shotgun Schematic 2	Weapon Assembly Line II Advanced Weapon Assembly Line
Epic	517	20	450	Pal Metal Ingot ×140 Plasteel ×113 Carbon Fiber ×56 Flame Organ ×70 Ancient Civilization Parts ×7	Core Eject Shotgun Schematic 3	Weapon Assembly Line II Advanced Weapon Assembly Line
Legendary	575	20	600	Pal Metal Ingot ×160 Plasteel ×130 Carbon Fiber ×64 Flame Organ ×80 Ancient Civilization Parts ×8	Core Eject Shotgun Schematic 4	Weapon Assembly Line II Advanced Weapon Assembly Line	Rarity	Attack	Weight	Durability	Materials	Schematic Unlock	Crafting Station
Common	90	5	5000	Hallowed Bar ×40 Pal Metal Ingot ×20 Ancient Civilization Parts ×3	Terraprisma Schematic	Production Assembly Line Production Assembly Line II Advanced Workshop Weapon Assembly Line Weapon Assembly Line II Advanced Weapon Assembly Line Ancient Workbench
Uncommon	100	5	6000	Hallowed Bar ×60 Pal Metal Ingot ×30 Ancient Civilization Parts ×5	Terraprisma Schematic 1	Production Assembly Line Production Assembly Line II Advanced Workshop Weapon Assembly Line Weapon Assembly Line II Advanced Weapon Assembly Line Ancient Workbench
Rare	110	5	7200	Hallowed Bar ×120 Pal Metal Ingot ×60 Ancient Civilization Parts ×7	Terraprisma Schematic 2	Production Assembly Line Production Assembly Line II Advanced Workshop Weapon Assembly Line Weapon Assembly Line II Advanced Weapon Assembly Line Ancient Workbench
Epic	125	5	8640	Hallowed Bar ×240 Pal Metal Ingot ×120 Ancient Civilization Parts ×10	Terraprisma Schematic 3	Production Assembly Line Production Assembly Line II Advanced Workshop Weapon Assembly Line Weapon Assembly Line II Advanced Weapon Assembly Line Ancient Workbench
Legendary	150	5	10368	Hallowed Bar ×480 Pal Metal Ingot ×240 Ancient Civilization Parts ×15	Terraprisma Schematic 4	Production Assembly Line Production Assembly Line II Advanced Workshop Weapon Assembly Line Weapon Assembly Line II Advanced Weapon Assembly Line Ancient Workbench	Rarity	Attack	Weight	Durability	Materials	Schematic Unlock	Crafting Station
Common	300	15	3000	Hallowed Bar ×40 Pal Metal Ingot ×20 Electric Organ ×5	Vortex Beater Schematic	Weapon Assembly Line Weapon Assembly Line II Advanced Weapon Assembly Line Ancient Workbench
Uncommon	330	15	3000	Hallowed Bar ×60 Pal Metal Ingot ×30 Electric Organ ×10	Vortex Beater Schematic 1	Weapon Assembly Line Weapon Assembly Line II Advanced Weapon Assembly Line Ancient Workbench
Rare	360	15	4000	Hallowed Bar ×120 Pal Metal Ingot ×60 Electric Organ ×15	Vortex Beater Schematic 2	Weapon Assembly Line Weapon Assembly Line II Advanced Weapon Assembly Line Ancient Workbench
Epic	390	15	5000	Hallowed Bar ×240 Pal Metal Ingot ×120 Electric Organ ×20	Vortex Beater Schematic 3	Weapon Assembly Line Weapon Assembly Line II Advanced Weapon Assembly Line Ancient Workbench
Legendary	450	15	6000	Hallowed Bar ×480 Pal Metal Ingot ×240 Electric Organ ×25	Vortex Beater Schematic 4	Weapon Assembly Line Weapon Assembly Line II Advanced Weapon Assembly Line Ancient Workbench	Rarity	Attack	Weight	Durability	Materials	Schematic Unlock	Crafting Station
Common	50	5	3000	Hallowed Bar ×40 Pal Metal Ingot ×20 Ancient Civilization Parts ×3	Nightglow Schematic	Production Assembly Line Production Assembly Line II Advanced Workshop Weapon Assembly Line Weapon Assembly Line II Advanced Weapon Assembly Line Ancient Workbench
Uncommon	60	5	3000	Hallowed Bar ×60 Pal Metal Ingot ×30 Ancient Civilization Parts ×5	Nightglow Schematic 1	Production Assembly Line Production Assembly Line II Advanced Workshop Weapon Assembly Line Weapon Assembly Line II Advanced Weapon Assembly Line Ancient Workbench
Rare	70	5	4000	Hallowed Bar ×120 Pal Metal Ingot ×60 Ancient Civilization Parts ×7	Nightglow Schematic 2	Production Assembly Line Production Assembly Line II Advanced Workshop Weapon Assembly Line Weapon Assembly Line II Advanced Weapon Assembly Line Ancient Workbench
Epic	80	5	5000	Hallowed Bar ×240 Pal Metal Ingot ×120 Ancient Civilization Parts ×10	Nightglow Schematic 3	Production Assembly Line Production Assembly Line II Advanced Workshop Weapon Assembly Line Weapon Assembly Line II Advanced Weapon Assembly Line Ancient Workbench
Legendary	100	5	6000	Hallowed Bar ×480 Pal Metal Ingot ×240 Ancient Civilization Parts ×15	Nightglow Schematic 4	Production Assembly Line Production Assembly Line II Advanced Workshop Weapon Assembly Line Weapon Assembly Line II Advanced Weapon Assembly Line Ancient Workbench	Rarity	Attack	Weight	Durability	Materials	Schematic Unlock	Crafting Station
Common	425	10	757	Hallowed Bar ×40 Pal Metal Ingot ×20	Terra Blade Schematic	Production Assembly Line Production Assembly Line II Advanced Workshop Weapon Assembly Line Weapon Assembly Line II Advanced Weapon Assembly Line Ancient Workbench
Uncommon	467	10	1135	Hallowed Bar ×60 Pal Metal Ingot ×30	Terra Blade Schematic 1	Production Assembly Line Production Assembly Line II Advanced Workshop Weapon Assembly Line Weapon Assembly Line II Advanced Weapon Assembly Line Ancient Workbench
Rare	510	10	1514	Hallowed Bar ×120 Pal Metal Ingot ×60	Terra Blade Schematic 2	Production Assembly Line Production Assembly Line II Advanced Workshop Weapon Assembly Line Weapon Assembly Line II Advanced Weapon Assembly Line Ancient Workbench
Epic	552	10	2271	Hallowed Bar ×240 Pal Metal Ingot ×120	Terra Blade Schematic 3	Production Assembly Line Production Assembly Line II Advanced Workshop Weapon Assembly Line Weapon Assembly Line II Advanced Weapon Assembly Line Ancient Workbench
Legendary	637	10	3028	Hallowed Bar ×480 Pal Metal Ingot ×240	Terra Blade Schematic 4	Production Assembly Line Production Assembly Line II Advanced Workshop Weapon Assembly Line Weapon Assembly Line II Advanced Weapon Assembly Line Ancient Workbench	Rarity	Attack	Weight	Durability	Materials	Schematic Unlock	Crafting Station
Common	360	10	600	Hallowed Bar ×30	Excalibur Schematic	Production Assembly Line Production Assembly Line II Advanced Workshop Weapon Assembly Line Weapon Assembly Line II Advanced Weapon Assembly Line
Uncommon	396	10	900	Hallowed Bar ×45	Excalibur Schematic 1	Production Assembly Line Production Assembly Line II Advanced Workshop Weapon Assembly Line Weapon Assembly Line II Advanced Weapon Assembly Line
Rare	432	10	1200	Hallowed Bar ×90	Excalibur Schematic 2	Production Assembly Line Production Assembly Line II Advanced Workshop Weapon Assembly Line Weapon Assembly Line II Advanced Weapon Assembly Line
Epic	468	10	1800	Hallowed Bar ×180	Excalibur Schematic 3	Production Assembly Line Production Assembly Line II Advanced Workshop Weapon Assembly Line Weapon Assembly Line II Advanced Weapon Assembly Line
Legendary	540	10	2400	Hallowed Bar ×360	Excalibur Schematic 4	Production Assembly Line Production Assembly Line II Advanced Workshop Weapon Assembly Line Weapon Assembly Line II Advanced Weapon Assembly Line	Rarity	Attack	Weight	Durability	Materials	Schematic Unlock	Crafting Station
Legendary	200	22	2222	Ingot ×22 Paldium Fragment ×22 Coal ×22	Technology Lv. 30	High Quality Workbench Production Assembly Line Production Assembly Line II Advanced Workshop Weapon Workbench Weapon Assembly Line Weapon Assembly Line II Advanced Weapon Assembly Line Ancient Workbench	Rarity	Attack	Weight	Durability	Materials	Schematic Unlock	Crafting Station
Legendary	222	22	22222	Hallowed Bar ×22 Paldium Fragment ×22 Coal ×22	—	Not craftable (drop only)	Rarity	Attack	Weight	Durability	Materials	Schematic Unlock	Crafting Station
Common	5800	25	500	Plasteel ×40 Carbon Fiber ×25 Nightstar Sand ×20	Technology Lv. 57	Production Assembly Line II Advanced Workshop Weapon Assembly Line II Advanced Weapon Assembly Line Ancient Workbench
Uncommon	6670	25	750	Plasteel ×50 Carbon Fiber ×31 Nightstar Sand ×25 Ancient Civilization Parts ×3	Advanced Bow Schematic 1	Production Assembly Line II Advanced Workshop Weapon Assembly Line II Advanced Weapon Assembly Line Ancient Workbench
Rare	7250	25	1000	Plasteel ×60 Carbon Fiber ×37 Nightstar Sand ×30 Ancient Civilization Parts ×4	Advanced Bow Schematic 2	Production Assembly Line II Advanced Workshop Weapon Assembly Line II Advanced Weapon Assembly Line Ancient Workbench
Epic	7830	25	1500	Plasteel ×70 Carbon Fiber ×43 Nightstar Sand ×35 Ancient Civilization Parts ×5	Advanced Bow Schematic 3	Production Assembly Line II Advanced Workshop Weapon Assembly Line II Advanced Weapon Assembly Line Ancient Workbench
Legendary	8700	25	2000	Plasteel ×80 Carbon Fiber ×50 Nightstar Sand ×40 Ancient Civilization Parts ×6	Advanced Bow Schematic 4	Production Assembly Line II Advanced Workshop Weapon Assembly Line II Advanced Weapon Assembly Line Ancient Workbench	Rarity	Attack	Weight	Durability	Materials	Schematic Unlock	Crafting Station
Common	930	10	500	Plasteel ×30 Paldium Fragment ×100 Nightstar Sand ×20 Computer ×1	Technology Lv. 57	Production Assembly Line II Advanced Workshop Weapon Assembly Line II Advanced Weapon Assembly Line Ancient Workbench
Uncommon	1023	10	750	Plasteel ×37 Paldium Fragment ×125 Nightstar Sand ×25 Computer ×1 Ancient Civilization Parts ×3	Beam Sword Schematic 1	Production Assembly Line II Advanced Workshop Weapon Assembly Line II Advanced Weapon Assembly Line Ancient Workbench
Rare	1116	10	1000	Plasteel ×45 Paldium Fragment ×150 Nightstar Sand ×30 Computer ×2 Ancient Civilization Parts ×4	Beam Sword Schematic 2	Production Assembly Line II Advanced Workshop Weapon Assembly Line II Advanced Weapon Assembly Line Ancient Workbench
Epic	1209	10	1500	Plasteel ×52 Paldium Fragment ×175 Nightstar Sand ×35 Computer ×3 Ancient Civilization Parts ×5	Beam Sword Schematic 3	Production Assembly Line II Advanced Workshop Weapon Assembly Line II Advanced Weapon Assembly Line Ancient Workbench
Legendary	1395	10	2000	Plasteel ×60 Paldium Fragment ×200 Nightstar Sand ×40 Computer ×4 Ancient Civilization Parts ×6	Beam Sword Schematic 4	Production Assembly Line II Advanced Workshop Weapon Assembly Line II Advanced Weapon Assembly Line Ancient Workbench	Rarity	Attack	Weight	Durability	Materials	Schematic Unlock	Crafting Station
Common	1100	17	400	Refined Ingot ×50 Fiber ×40 Nail ×10	Technology Lv. 42	Production Assembly Line Production Assembly Line II Advanced Workshop Weapon Assembly Line Weapon Assembly Line II Advanced Weapon Assembly Line Ancient Workbench
Uncommon	1265	17	600	Refined Ingot ×62 Fiber ×50 Nail ×12 Ancient Civilization Parts ×1	Compound Bow Schematic 1	Production Assembly Line Production Assembly Line II Advanced Workshop Weapon Assembly Line Weapon Assembly Line II Advanced Weapon Assembly Line Ancient Workbench
Rare	1375	17	800	Refined Ingot ×75 Fiber ×60 Nail ×15 Ancient Civilization Parts ×2	Compound Bow Schematic 2	Production Assembly Line Production Assembly Line II Advanced Workshop Weapon Assembly Line Weapon Assembly Line II Advanced Weapon Assembly Line Ancient Workbench
Epic	1485	17	1200	Refined Ingot ×87 Fiber ×70 Nail ×17 Ancient Civilization Parts ×3	Compound Bow Schematic 3	Production Assembly Line Production Assembly Line II Advanced Workshop Weapon Assembly Line Weapon Assembly Line II Advanced Weapon Assembly Line Ancient Workbench
Legendary	1650	17	1600	Refined Ingot ×100 Fiber ×80 Nail ×20 Ancient Civilization Parts ×4	Compound Bow Schematic 4	Production Assembly Line Production Assembly Line II Advanced Workshop Weapon Assembly Line Weapon Assembly Line II Advanced Weapon Assembly Line Ancient Workbench	Rarity	Attack	Weight	Durability	Materials	Schematic Unlock	Crafting Station
Common	780	10	500	Pal Metal Ingot ×20 High Quality Wooden Board ×2 Corrosive Solvent ×3	Technology Lv. 44	Production Assembly Line II Advanced Workshop Weapon Assembly Line II Advanced Weapon Assembly Line Ancient Workbench
Uncommon	858	10	750	Pal Metal Ingot ×25 High Quality Wooden Board ×2 Corrosive Solvent ×3 Ancient Civilization Parts ×2	Katana Schematic 1	Production Assembly Line II Advanced Workshop Weapon Assembly Line II Advanced Weapon Assembly Line Ancient Workbench
Rare	936	10	1000	Pal Metal Ingot ×30 High Quality Wooden Board ×3 Corrosive Solvent ×4 Ancient Civilization Parts ×3	Katana Schematic 2	Production Assembly Line II Advanced Workshop Weapon Assembly Line II Advanced Weapon Assembly Line Ancient Workbench
Epic	1014	10	1500	Pal Metal Ingot ×35 High Quality Wooden Board ×4 Corrosive Solvent ×5 Ancient Civilization Parts ×4	Katana Schematic 3	Production Assembly Line II Advanced Workshop Weapon Assembly Line II Advanced Weapon Assembly Line Ancient Workbench
Legendary	1170	10	2000	Pal Metal Ingot ×40 High Quality Wooden Board ×5 Corrosive Solvent ×6 Ancient Civilization Parts ×5	Katana Schematic 4	Production Assembly Line II Advanced Workshop Weapon Assembly Line II Advanced Weapon Assembly Line Ancient Workbench	Rarity	Attack	Weight	Durability	Materials	Schematic Unlock	Crafting Station
Common	530	50	8000	Plasteel ×110 Hexolite ×100 Computer ×10 Thermal Core ×3	Technology Lv. 59	Weapon Assembly Line II Advanced Weapon Assembly Line Ancient Workbench
Uncommon	583	50	12000	Plasteel ×137 Hexolite ×125 Computer ×12 Thermal Core ×3 Ancient Civilization Parts ×4	Laser Gatling Gun Schematic 1	Weapon Assembly Line II Advanced Weapon Assembly Line Ancient Workbench
Rare	609	50	16000	Plasteel ×165 Hexolite ×150 Computer ×15 Thermal Core ×4 Ancient Civilization Parts ×5	Laser Gatling Gun Schematic 2	Weapon Assembly Line II Advanced Weapon Assembly Line Ancient Workbench
Epic	636	50	24000	Plasteel ×192 Hexolite ×175 Computer ×17 Thermal Core ×5 Ancient Civilization Parts ×6	Laser Gatling Gun Schematic 3	Weapon Assembly Line II Advanced Weapon Assembly Line Ancient Workbench
Legendary	689	50	32000	Plasteel ×220 Hexolite ×200 Computer ×20 Thermal Core ×6 Ancient Civilization Parts ×7	Laser Gatling Gun Schematic 4	Weapon Assembly Line II Advanced Weapon Assembly Line Ancient Workbench	Rarity	Attack	Mag Size	Weight	Durability	Materials	Schematic Unlock	Crafting Station
Common	170	15	15	1500	Ingot ×70 High Quality Pal Oil ×20 Fiber ×60	Technology Lv. 31	Weapon Workbench Weapon Assembly Line Weapon Assembly Line II Advanced Weapon Assembly Line Ancient Workbench
Uncommon	204	17	15	2250	Ingot ×87 High Quality Pal Oil ×25 Fiber ×75	Makeshift Assault Rifle Schematic 1	Weapon Workbench Weapon Assembly Line Weapon Assembly Line II Advanced Weapon Assembly Line Ancient Workbench
Rare	229	19	15	3000	Ingot ×105 High Quality Pal Oil ×30 Fiber ×90	Makeshift Assault Rifle Schematic 2	Weapon Workbench Weapon Assembly Line Weapon Assembly Line II Advanced Weapon Assembly Line Ancient Workbench
Epic	255	21	15	4500	Ingot ×122 High Quality Pal Oil ×35 Fiber ×105 Ancient Civilization Parts ×1	Makeshift Assault Rifle Schematic 3	Weapon Workbench Weapon Assembly Line Weapon Assembly Line II Advanced Weapon Assembly Line Ancient Workbench
Legendary	297	23	15	6000	Ingot ×140 High Quality Pal Oil ×40 Fiber ×120 Ancient Civilization Parts ×2	Makeshift Assault Rifle Schematic 4	Weapon Workbench Weapon Assembly Line Weapon Assembly Line II Advanced Weapon Assembly Line Ancient Workbench	Rarity	Attack	Weight	Durability	Materials	Schematic Unlock	Crafting Station
Common	215	24	200	Ingot ×60 High Quality Pal Oil ×15 Fiber ×50	Technology Lv. 30	Weapon Workbench Weapon Assembly Line Weapon Assembly Line II Advanced Weapon Assembly Line
Uncommon	258	24	300	Ingot ×120 High Quality Pal Oil ×30 Fiber ×100 Ancient Civilization Parts ×4	Makeshift Shotgun Schematic 1	Weapon Workbench Weapon Assembly Line Weapon Assembly Line II Advanced Weapon Assembly Line
Rare	290	24	400	Ingot ×180 High Quality Pal Oil ×45 Fiber ×150 Ancient Civilization Parts ×8	Makeshift Shotgun Schematic 2	Weapon Workbench Weapon Assembly Line Weapon Assembly Line II Advanced Weapon Assembly Line
Epic	322	24	600	Ingot ×270 High Quality Pal Oil ×67 Fiber ×225 Ancient Civilization Parts ×16	Makeshift Shotgun Schematic 3	Weapon Workbench Weapon Assembly Line Weapon Assembly Line II Advanced Weapon Assembly Line
Legendary	376	24	800	Ingot ×405 High Quality Pal Oil ×100 Fiber ×337 Ancient Civilization Parts ×32	Makeshift Shotgun Schematic 4	Weapon Workbench Weapon Assembly Line Weapon Assembly Line II Advanced Weapon Assembly Line	Rarity	Attack	Mag Size	Weight	Durability	Materials	Schematic Unlock	Crafting Station
Common	100	24	15	1000	Ingot ×40 High Quality Pal Oil ×10 Fiber ×30	Technology Lv. 26	Weapon Workbench Weapon Assembly Line Weapon Assembly Line II Advanced Weapon Assembly Line Ancient Workbench
Uncommon	120	26	15	1500	Ingot ×50 High Quality Pal Oil ×12 Fiber ×37	Makeshift SMG Schematic 1	Weapon Workbench Weapon Assembly Line Weapon Assembly Line II Advanced Weapon Assembly Line Ancient Workbench
Rare	135	28	15	2000	Ingot ×60 High Quality Pal Oil ×15 Fiber ×45	Makeshift SMG Schematic 2	Weapon Workbench Weapon Assembly Line Weapon Assembly Line II Advanced Weapon Assembly Line Ancient Workbench
Epic	150	30	15	3000	Ingot ×70 High Quality Pal Oil ×17 Fiber ×52 Ancient Civilization Parts ×1	Makeshift SMG Schematic 3	Weapon Workbench Weapon Assembly Line Weapon Assembly Line II Advanced Weapon Assembly Line Ancient Workbench
Legendary	175	32	15	4000	Ingot ×80 High Quality Pal Oil ×20 Fiber ×60 Ancient Civilization Parts ×2	Makeshift SMG Schematic 4	Weapon Workbench Weapon Assembly Line Weapon Assembly Line II Advanced Weapon Assembly Line Ancient Workbench	Rarity	Attack	Weight	Durability	Materials	Schematic Unlock	Crafting Station
Common	600	8	400	Ingot ×60 High Quality Pal Oil ×20	Technology Lv. 33	Weapon Assembly Line Weapon Assembly Line II Advanced Weapon Assembly Line Ancient Workbench
Uncommon	1050	8	600	Ingot ×75 High Quality Pal Oil ×25	Old Revolver Schematic 1	Weapon Assembly Line Weapon Assembly Line II Advanced Weapon Assembly Line Ancient Workbench
Rare	1200	8	800	Ingot ×90 High Quality Pal Oil ×30	Old Revolver Schematic 2	Weapon Assembly Line Weapon Assembly Line II Advanced Weapon Assembly Line Ancient Workbench
Epic	1350	8	1200	Ingot ×105 High Quality Pal Oil ×35 Ancient Civilization Parts ×1	Old Revolver Schematic 3	Weapon Assembly Line Weapon Assembly Line II Advanced Weapon Assembly Line Ancient Workbench
Legendary	1500	8	1600	Ingot ×120 High Quality Pal Oil ×40 Ancient Civilization Parts ×2	Old Revolver Schematic 4	Weapon Assembly Line Weapon Assembly Line II Advanced Weapon Assembly Line Ancient Workbench	Rarity	Attack	Weight	Durability	Materials	Schematic Unlock	Crafting Station
Common	10000	—	300	Plasteel ×150 Hexolite ×130 Thermal Core ×4 Computer ×8	Technology Lv. 61	Weapon Assembly Line II Advanced Weapon Assembly Line Ancient Workbench
Uncommon	11000	—	450	Plasteel ×187 Hexolite ×162 Thermal Core ×5 Computer ×10 Ancient Civilization Parts ×5	Plasma Cannon Schematic 1	Weapon Assembly Line II Advanced Weapon Assembly Line Ancient Workbench
Rare	11500	—	600	Plasteel ×225 Hexolite ×195 Thermal Core ×6 Computer ×12 Ancient Civilization Parts ×6	Plasma Cannon Schematic 2	Weapon Assembly Line II Advanced Weapon Assembly Line Ancient Workbench
Epic	12000	—	900	Plasteel ×262 Hexolite ×227 Thermal Core ×7 Computer ×14 Ancient Civilization Parts ×7	Plasma Cannon Schematic 3	Weapon Assembly Line II Advanced Weapon Assembly Line Ancient Workbench
Legendary	13000	—	1200	Plasteel ×300 Hexolite ×260 Thermal Core ×8 Computer ×16 Ancient Civilization Parts ×8	Plasma Cannon Schematic 4	Weapon Assembly Line II Advanced Weapon Assembly Line Ancient Workbench	Rarity	Attack	Mag Size	Weight	Durability	Materials	Schematic Unlock	Crafting Station
Common	1150	8	20	1000	Refined Ingot ×35 Polymer ×10	Technology Lv. 41	Weapon Assembly Line Weapon Assembly Line II Advanced Weapon Assembly Line Ancient Workbench
Uncommon	1265	9	20	1500	Refined Ingot ×43 Polymer ×12 Ancient Civilization Parts ×1	Semi-Auto Rifle Schematic 1	Weapon Assembly Line Weapon Assembly Line II Advanced Weapon Assembly Line Ancient Workbench
Rare	1380	10	20	2000	Refined Ingot ×52 Polymer ×15 Ancient Civilization Parts ×2	Semi-Auto Rifle Schematic 2	Weapon Assembly Line Weapon Assembly Line II Advanced Weapon Assembly Line Ancient Workbench
Epic	1495	11	20	3000	Refined Ingot ×61 Polymer ×17 Ancient Civilization Parts ×3	Semi-Auto Rifle Schematic 3	Weapon Assembly Line Weapon Assembly Line II Advanced Weapon Assembly Line Ancient Workbench
Legendary	1610	12	20	4000	Refined Ingot ×70 Polymer ×20 Ancient Civilization Parts ×4	Semi-Auto Rifle Schematic 4	Weapon Assembly Line Weapon Assembly Line II Advanced Weapon Assembly Line Ancient Workbench	Rarity	Attack	Mag Size	Weight	Durability	Materials	Schematic Unlock	Crafting Station
Common	195	10	20	300	Refined Ingot ×50 Polymer ×20 Carbon Fiber ×10	Technology Lv. 47	Weapon Assembly Line II Advanced Weapon Assembly Line Ancient Workbench
Uncommon	214	11	20	450	Refined Ingot ×62 Polymer ×25 Carbon Fiber ×12 Ancient Civilization Parts ×1	Semi-Auto Shotgun Schematic 1	Weapon Assembly Line II Advanced Weapon Assembly Line Ancient Workbench
Rare	234	12	20	600	Refined Ingot ×75 Polymer ×30 Carbon Fiber ×15 Ancient Civilization Parts ×2	Semi-Auto Shotgun Schematic 2	Weapon Assembly Line II Advanced Weapon Assembly Line Ancient Workbench
Epic	253	13	20	900	Refined Ingot ×87 Polymer ×35 Carbon Fiber ×17 Ancient Civilization Parts ×3	Semi-Auto Shotgun Schematic 3	Weapon Assembly Line II Advanced Weapon Assembly Line Ancient Workbench
Legendary	282	14	20	1200	Refined Ingot ×100 Polymer ×40 Carbon Fiber ×20 Ancient Civilization Parts ×4	Semi-Auto Shotgun Schematic 4	Weapon Assembly Line II Advanced Weapon Assembly Line Ancient Workbench	Rarity	Attack	Mag Size	Weight	Durability	Materials	Schematic Unlock	Crafting Station
Common	130	24	15	2000	Refined Ingot ×25 Polymer ×6	Technology Lv. 37	Weapon Assembly Line Weapon Assembly Line II Advanced Weapon Assembly Line
Uncommon	156	26	15	3000	Refined Ingot ×50 Polymer ×12 Ancient Civilization Parts ×4	SMG Schematic 1	Weapon Assembly Line Weapon Assembly Line II Advanced Weapon Assembly Line
Rare	175	28	15	4000	Refined Ingot ×75 Polymer ×18 Ancient Civilization Parts ×8	SMG Schematic 2	Weapon Assembly Line Weapon Assembly Line II Advanced Weapon Assembly Line
Epic	195	30	15	6000	Refined Ingot ×112 Polymer ×27 Ancient Civilization Parts ×16	SMG Schematic 3	Weapon Assembly Line Weapon Assembly Line II Advanced Weapon Assembly Line
Legendary	227	32	15	8000	Refined Ingot ×168 Polymer ×40 Ancient Civilization Parts ×25	SMG Schematic 4	Weapon Assembly Line Weapon Assembly Line II Advanced Weapon Assembly Line	Rarity	Attack	Weight	Durability	Materials	Schematic Unlock	Crafting Station
Common	636	45	6000	Pal Metal Ingot ×40 Plasteel ×30 Cryogenic Core ×13 Flame Organ ×30	Technology Lv. 52	Weapon Assembly Line II Advanced Weapon Assembly Line Ancient Workbench
Uncommon	731	45	9000	Pal Metal Ingot ×50 Plasteel ×37 Cryogenic Core ×16 Flame Organ ×37 Ancient Civilization Parts ×2	Flamethrower Schematic 1	Weapon Assembly Line II Advanced Weapon Assembly Line Ancient Workbench
Rare	795	45	12000	Pal Metal Ingot ×60 Plasteel ×45 Cryogenic Core ×19 Flame Organ ×45 Ancient Civilization Parts ×3	Flamethrower Schematic 2	Weapon Assembly Line II Advanced Weapon Assembly Line Ancient Workbench
Epic	858	45	18000	Pal Metal Ingot ×70 Plasteel ×52 Cryogenic Core ×22 Flame Organ ×52 Ancient Civilization Parts ×4	Flamethrower Schematic 3	Weapon Assembly Line II Advanced Weapon Assembly Line Ancient Workbench
Legendary	954	45	24000	Pal Metal Ingot ×80 Plasteel ×60 Cryogenic Core ×26 Flame Organ ×60 Ancient Civilization Parts ×5	Flamethrower Schematic 4	Weapon Assembly Line II Advanced Weapon Assembly Line Ancient Workbench	Rarity	Attack	Weight	Durability	Materials	Schematic Unlock	Crafting Station
Common	375	50	6000	Pal Metal Ingot ×150 Plasteel ×70 Carbon Fiber ×140	Technology Lv. 54	Weapon Assembly Line II Advanced Weapon Assembly Line
Uncommon	431	50	9000	Pal Metal Ingot ×300 Plasteel ×140 Carbon Fiber ×280 Ancient Civilization Parts ×15	Gatling Gun Schematic 1	Weapon Assembly Line II Advanced Weapon Assembly Line
Rare	468	50	12000	Pal Metal Ingot ×450 Plasteel ×210 Carbon Fiber ×420 Ancient Civilization Parts ×25	Gatling Gun Schematic 2	Weapon Assembly Line II Advanced Weapon Assembly Line
Epic	506	50	18000	Pal Metal Ingot ×675 Plasteel ×315 Carbon Fiber ×630 Ancient Civilization Parts ×35	Gatling Gun Schematic 3	Weapon Assembly Line II Advanced Weapon Assembly Line
Legendary	562	50	24000	Pal Metal Ingot ×1012 Plasteel ×472 Carbon Fiber ×945 Ancient Civilization Parts ×45	Gatling Gun Schematic 4	Weapon Assembly Line II Advanced Weapon Assembly Line	Rarity	Attack	Weight	Durability	Materials	Schematic Unlock	Crafting Station
Common	3000	30	600	Pal Metal Ingot ×75 Plasteel ×60 Carbon Fiber ×15	Technology Lv. 53	Weapon Assembly Line II Advanced Weapon Assembly Line Ancient Workbench
Uncommon	3450	30	900	Pal Metal Ingot ×93 Plasteel ×75 Carbon Fiber ×18 Ancient Civilization Parts ×2	Grenade Launcher Schematic 1	Weapon Assembly Line II Advanced Weapon Assembly Line Ancient Workbench
Rare	3750	30	1200	Pal Metal Ingot ×112 Plasteel ×90 Carbon Fiber ×22 Ancient Civilization Parts ×3	Grenade Launcher Schematic 2	Weapon Assembly Line II Advanced Weapon Assembly Line Ancient Workbench
Epic	4050	30	1800	Pal Metal Ingot ×131 Plasteel ×105 Carbon Fiber ×26 Ancient Civilization Parts ×4	Grenade Launcher Schematic 3	Weapon Assembly Line II Advanced Weapon Assembly Line Ancient Workbench
Legendary	4500	30	2400	Pal Metal Ingot ×150 Plasteel ×120 Carbon Fiber ×30 Ancient Civilization Parts ×5	Grenade Launcher Schematic 4	Weapon Assembly Line II Advanced Weapon Assembly Line Ancient Workbench	Rarity	Attack	Weight	Durability	Materials	Schematic Unlock	Crafting Station
Common	5900	30	300	Pal Metal Ingot ×100 Plasteel ×50 Carbon Fiber ×25 Circuit Board ×5	Technology Lv. 56	Weapon Assembly Line II Advanced Weapon Assembly Line Ancient Workbench
Uncommon	6785	30	450	Pal Metal Ingot ×125 Plasteel ×62 Carbon Fiber ×31 Circuit Board ×6 Ancient Civilization Parts ×4	Guided Missile Launcher Schematic 1	Weapon Assembly Line II Advanced Weapon Assembly Line Ancient Workbench
Rare	7375	30	600	Pal Metal Ingot ×150 Plasteel ×75 Carbon Fiber ×37 Circuit Board ×7 Ancient Civilization Parts ×5	Guided Missile Launcher Schematic 2	Weapon Assembly Line II Advanced Weapon Assembly Line Ancient Workbench
Epic	7965	30	900	Pal Metal Ingot ×175 Plasteel ×87 Carbon Fiber ×43 Circuit Board ×8 Ancient Civilization Parts ×6	Guided Missile Launcher Schematic 3	Weapon Assembly Line II Advanced Weapon Assembly Line Ancient Workbench
Legendary	8850	30	1200	Pal Metal Ingot ×200 Plasteel ×100 Carbon Fiber ×50 Circuit Board ×10 Ancient Civilization Parts ×7	Guided Missile Launcher Schematic 4	Weapon Assembly Line II Advanced Weapon Assembly Line Ancient Workbench	Rarity	Attack	Weight	Durability	Materials	Schematic Unlock	Crafting Station
Common	1250	18	3000	Pal Metal Ingot ×50 Plasteel ×40 Bio Battery ×5 Computer ×3	Technology Lv. 51	Weapon Assembly Line II Advanced Weapon Assembly Line Ancient Workbench
Uncommon	1437	18	4500	Pal Metal Ingot ×62 Plasteel ×50 Bio Battery ×6 Computer ×3 Ancient Civilization Parts ×2	Laser Rifle Schematic 1	Weapon Assembly Line II Advanced Weapon Assembly Line Ancient Workbench
Rare	1562	18	6000	Pal Metal Ingot ×75 Plasteel ×60 Bio Battery ×7 Computer ×4 Ancient Civilization Parts ×3	Laser Rifle Schematic 2	Weapon Assembly Line II Advanced Weapon Assembly Line Ancient Workbench
Epic	1687	18	9000	Pal Metal Ingot ×87 Plasteel ×70 Bio Battery ×8 Computer ×5 Ancient Civilization Parts ×4	Laser Rifle Schematic 3	Weapon Assembly Line II Advanced Weapon Assembly Line Ancient Workbench
Legendary	1875	18	12000	Pal Metal Ingot ×100 Plasteel ×80 Bio Battery ×10 Computer ×6 Ancient Civilization Parts ×5	Laser Rifle Schematic 4	Weapon Assembly Line II Advanced Weapon Assembly Line Ancient Workbench	Rarity	Attack	Weight	Durability	Materials	Schematic Unlock	Crafting Station
Common	2000	30	300	Meteorite Fragment ×100 Refined Ingot ×30 Paldium Fragment ×20 Corrosive Solvent ×5	Technology Lv. 38	Weapon Assembly Line Weapon Assembly Line II Advanced Weapon Assembly Line Ancient Workbench
Legendary	10500	30	450	Meteorite Fragment ×200 Refined Ingot ×60 Paldium Fragment ×40 Corrosive Solvent ×10	Meteor Launcher Schematic 4	Weapon Assembly Line Weapon Assembly Line II Advanced Weapon Assembly Line Ancient Workbench	Rarity	Attack	Weight	Durability	Materials	Schematic Unlock	Crafting Station
Common	5900	30	300	Pal Metal Ingot ×150 Plasteel ×80 Carbon Fiber ×30 Circuit Board ×8	Multi Guided Missile Launcher Schematic	Weapon Assembly Line II Advanced Weapon Assembly Line Ancient Workbench
Uncommon	6785	30	450	Pal Metal Ingot ×187 Plasteel ×100 Carbon Fiber ×37 Circuit Board ×10 Ancient Civilization Parts ×4	Multi Guided Missile Launcher Schematic 1	Weapon Assembly Line II Advanced Weapon Assembly Line Ancient Workbench
Rare	7375	30	600	Pal Metal Ingot ×225 Plasteel ×120 Carbon Fiber ×45 Circuit Board ×12 Ancient Civilization Parts ×5	Multi Guided Missile Launcher Schematic 2	Weapon Assembly Line II Advanced Weapon Assembly Line Ancient Workbench
Epic	7965	30	900	Pal Metal Ingot ×262 Plasteel ×140 Carbon Fiber ×52 Circuit Board ×14 Ancient Civilization Parts ×6	Multi Guided Missile Launcher Schematic 3	Weapon Assembly Line II Advanced Weapon Assembly Line Ancient Workbench
Legendary	8850	30	1200	Pal Metal Ingot ×300 Plasteel ×160 Carbon Fiber ×60 Circuit Board ×16 Ancient Civilization Parts ×7	Multi Guided Missile Launcher Schematic 4	Weapon Assembly Line II Advanced Weapon Assembly Line Ancient Workbench	Rarity	Attack	Mag Size	Weight	Durability	Materials	Schematic Unlock	Crafting Station
Common	320	20	15	3000	Refined Ingot ×40 Polymer ×10 Carbon Fiber ×10	Technology Lv. 45	Weapon Assembly Line Weapon Assembly Line II Advanced Weapon Assembly Line Ancient Workbench
Uncommon	400	24	15	3000	Refined Ingot ×50 Polymer ×12 Carbon Fiber ×12 Ancient Civilization Parts ×1	Assault Rifle Schematic 1	Weapon Assembly Line Weapon Assembly Line II Advanced Weapon Assembly Line Ancient Workbench
Rare	448	26	15	4000	Refined Ingot ×60 Polymer ×15 Carbon Fiber ×15 Ancient Civilization Parts ×2	Assault Rifle Schematic 2	Weapon Assembly Line Weapon Assembly Line II Advanced Weapon Assembly Line Ancient Workbench
Epic	512	28	15	5000	Refined Ingot ×70 Polymer ×17 Carbon Fiber ×17 Ancient Civilization Parts ×3	Assault Rifle Schematic 3	Weapon Assembly Line Weapon Assembly Line II Advanced Weapon Assembly Line Ancient Workbench
Legendary	560	30	15	6000	Refined Ingot ×80 Polymer ×20 Carbon Fiber ×20 Ancient Civilization Parts ×4	Assault Rifle Schematic 4	Weapon Assembly Line Weapon Assembly Line II Advanced Weapon Assembly Line Ancient Workbench	Rarity	Attack	Mag Size	Weight	Durability	Materials	Schematic Unlock	Crafting Station
Common	12500	6	20	200	Coralum Ingot ×200 Bio Battery ×25 Thermal Core ×5 Computer ×15	Technology Lv. 65	Advanced Weapon Assembly Line Ancient Workbench
Uncommon	13125	7	20	300	Coralum Ingot ×250 Bio Battery ×31 Thermal Core ×6 Computer ×18 Ancient Civilization Parts ×5	Charge Rifle Schematic 1	Advanced Weapon Assembly Line Ancient Workbench
Rare	13750	8	20	400	Coralum Ingot ×300 Bio Battery ×37 Thermal Core ×7 Computer ×22 Ancient Civilization Parts ×6	Charge Rifle Schematic 2	Advanced Weapon Assembly Line Ancient Workbench
Epic	14375	9	20	600	Coralum Ingot ×350 Bio Battery ×43 Thermal Core ×8 Computer ×26 Ancient Civilization Parts ×7	Charge Rifle Schematic 3	Advanced Weapon Assembly Line Ancient Workbench
Legendary	15000	10	20	800	Coralum Ingot ×400 Bio Battery ×50 Thermal Core ×10 Computer ×30 Ancient Civilization Parts ×8	Charge Rifle Schematic 4	Advanced Weapon Assembly Line Ancient Workbench	Rarity	Attack	Weight	Durability	Materials	Schematic Unlock	Crafting Station
Common	1000	20	200	Ingot ×25 High Quality Pal Oil ×5 Wooden Board ×3	Technology Lv. 21	Weapon Workbench Weapon Assembly Line Weapon Assembly Line II Advanced Weapon Assembly Line Ancient Workbench
Uncommon	1400	20	400	Ingot ×31 High Quality Pal Oil ×6 Wooden Board ×3	Musket Schematic 1	Weapon Workbench Weapon Assembly Line Weapon Assembly Line II Advanced Weapon Assembly Line Ancient Workbench
Rare	1600	20	500	Ingot ×37 High Quality Pal Oil ×7 Wooden Board ×4	Musket Schematic 2	Weapon Workbench Weapon Assembly Line Weapon Assembly Line II Advanced Weapon Assembly Line Ancient Workbench
Epic	1800	20	600	Ingot ×43 High Quality Pal Oil ×8 Wooden Board ×5 Ancient Civilization Parts ×1	Musket Schematic 3	Weapon Workbench Weapon Assembly Line Weapon Assembly Line II Advanced Weapon Assembly Line Ancient Workbench
Legendary	2000	20	800	Ingot ×50 High Quality Pal Oil ×10 Wooden Board ×6 Ancient Civilization Parts ×2	Musket Schematic 4	Weapon Workbench Weapon Assembly Line Weapon Assembly Line II Advanced Weapon Assembly Line Ancient Workbench	Rarity	Attack	Weight	Durability	Materials	Schematic Unlock	Crafting Station
Common	1225	15	3000	Coralum Ingot ×160 Hexolite ×135 Thermal Core ×5 Cryogenic Coolant ×50	Technology Lv. 64	Advanced Weapon Assembly Line Ancient Workbench
Uncommon	1286	15	3000	Coralum Ingot ×200 Hexolite ×168 Thermal Core ×6 Cryogenic Coolant ×62 Ancient Civilization Parts ×5	Overheat Rifle Schematic 1	Advanced Weapon Assembly Line Ancient Workbench
Rare	1347	15	4000	Coralum Ingot ×240 Hexolite ×202 Thermal Core ×7 Cryogenic Coolant ×75 Ancient Civilization Parts ×6	Overheat Rifle Schematic 2	Advanced Weapon Assembly Line Ancient Workbench
Epic	1408	15	5000	Coralum Ingot ×280 Hexolite ×236 Thermal Core ×8 Cryogenic Coolant ×87 Ancient Civilization Parts ×7	Overheat Rifle Schematic 3	Advanced Weapon Assembly Line Ancient Workbench
Legendary	1470	15	6000	Coralum Ingot ×320 Hexolite ×270 Thermal Core ×10 Cryogenic Coolant ×100 Ancient Civilization Parts ×8	Overheat Rifle Schematic 4	Advanced Weapon Assembly Line Ancient Workbench	Rarity	Attack	Weight	Durability	Materials	Schematic Unlock	Crafting Station
Common	1100	20	1000	Refined Ingot ×20 Polymer ×5 Hardwood ×20	Technology Lv. 36	Weapon Assembly Line Weapon Assembly Line II Advanced Weapon Assembly Line Ancient Workbench
Uncommon	1650	20	2000	Refined Ingot ×25 Polymer ×6 Hardwood ×25 Ancient Civilization Parts ×1	Single-Shot Rifle Schematic 1	Weapon Assembly Line Weapon Assembly Line II Advanced Weapon Assembly Line Ancient Workbench
Rare	1870	20	2500	Refined Ingot ×30 Polymer ×7 Hardwood ×30 Ancient Civilization Parts ×2	Single-Shot Rifle Schematic 2	Weapon Assembly Line Weapon Assembly Line II Advanced Weapon Assembly Line Ancient Workbench
Epic	2090	20	3000	Refined Ingot ×35 Polymer ×8 Hardwood ×35 Ancient Civilization Parts ×3	Single-Shot Rifle Schematic 3	Weapon Assembly Line Weapon Assembly Line II Advanced Weapon Assembly Line Ancient Workbench
Legendary	2310	20	4000	Refined Ingot ×40 Polymer ×10 Hardwood ×40 Ancient Civilization Parts ×4	Single-Shot Rifle Schematic 4	Weapon Assembly Line Weapon Assembly Line II Advanced Weapon Assembly Line Ancient Workbench	Rarity	Attack	Weight	Durability	Materials	Schematic Unlock	Crafting Station
Common	190	24	200	Refined Ingot ×30 Polymer ×7 Hardwood ×25	Technology Lv. 39	Weapon Assembly Line Weapon Assembly Line II Advanced Weapon Assembly Line Ancient Workbench
Uncommon	285	24	400	Refined Ingot ×37 Polymer ×8 Hardwood ×31 Ancient Civilization Parts ×1	Double-Barreled Shotgun Schematic 1	Weapon Assembly Line Weapon Assembly Line II Advanced Weapon Assembly Line Ancient Workbench
Rare	323	24	500	Refined Ingot ×45 Polymer ×10 Hardwood ×37 Ancient Civilization Parts ×2	Double-Barreled Shotgun Schematic 2	Weapon Assembly Line Weapon Assembly Line II Advanced Weapon Assembly Line Ancient Workbench
Epic	361	24	600	Refined Ingot ×52 Polymer ×12 Hardwood ×43 Ancient Civilization Parts ×3	Double-Barreled Shotgun Schematic 3	Weapon Assembly Line Weapon Assembly Line II Advanced Weapon Assembly Line Ancient Workbench
Legendary	399	24	800	Refined Ingot ×60 Polymer ×14 Hardwood ×50 Ancient Civilization Parts ×4	Double-Barreled Shotgun Schematic 4	Weapon Assembly Line Weapon Assembly Line II Advanced Weapon Assembly Line Ancient Workbench	Rarity	Attack	Mag Size	Weight	Durability	Materials	Schematic Unlock	Crafting Station
Common	402	10	20	300	Coralum Ingot ×155 Hexolite ×130 Thermal Core ×5 Computer ×15	Technology Lv. 63	Advanced Weapon Assembly Line Ancient Workbench
Uncommon	422	11	20	450	Coralum Ingot ×193 Hexolite ×162 Thermal Core ×6 Computer ×18 Ancient Civilization Parts ×5	Energy Shotgun Schematic 1	Advanced Weapon Assembly Line Ancient Workbench
Rare	442	12	20	600	Coralum Ingot ×232 Hexolite ×195 Thermal Core ×7 Computer ×22 Ancient Civilization Parts ×6	Energy Shotgun Schematic 2	Advanced Weapon Assembly Line Ancient Workbench
Epic	462	13	20	900	Coralum Ingot ×271 Hexolite ×227 Thermal Core ×8 Computer ×26 Ancient Civilization Parts ×7	Energy Shotgun Schematic 3	Advanced Weapon Assembly Line Ancient Workbench
Legendary	482	14	20	1200	Coralum Ingot ×310 Hexolite ×260 Thermal Core ×10 Computer ×30 Ancient Civilization Parts ×8	Energy Shotgun Schematic 4	Advanced Weapon Assembly Line Ancient Workbench	Rarity	Attack	Mag Size	Weight	Durability	Materials	Schematic Unlock	Crafting Station
Common	220	8	20	150	Refined Ingot ×30 Polymer ×20 Carbon Fiber ×10	Technology Lv. 43	Weapon Assembly Line Weapon Assembly Line II Advanced Weapon Assembly Line Ancient Workbench
Uncommon	275	9	20	500	Refined Ingot ×37 Polymer ×25 Carbon Fiber ×12 Ancient Civilization Parts ×1	Pump-Action Shotgun Schematic 1	Weapon Assembly Line Weapon Assembly Line II Advanced Weapon Assembly Line Ancient Workbench
Rare	308	10	20	600	Refined Ingot ×45 Polymer ×30 Carbon Fiber ×15 Ancient Civilization Parts ×2	Pump-Action Shotgun Schematic 2	Weapon Assembly Line Weapon Assembly Line II Advanced Weapon Assembly Line Ancient Workbench
Epic	352	11	20	700	Refined Ingot ×52 Polymer ×35 Carbon Fiber ×17 Ancient Civilization Parts ×3	Pump-Action Shotgun Schematic 3	Weapon Assembly Line Weapon Assembly Line II Advanced Weapon Assembly Line Ancient Workbench
Legendary	385	12	20	800	Refined Ingot ×60 Polymer ×40 Carbon Fiber ×20 Ancient Civilization Parts ×4	Pump-Action Shotgun Schematic 4	Weapon Assembly Line Weapon Assembly Line II Advanced Weapon Assembly Line Ancient Workbench	Rarity	Attack	Mag Size	Weight	Durability	Materials	Schematic Unlock	Crafting Station
Common	65	1	6	150	Wood ×40 Stone ×8 Fiber ×20 Flame Organ ×2	—	Not craftable (drop only)	Rarity	Attack	Weight	Durability	Materials	Schematic Unlock	Crafting Station
Common	65	6	150	Wood ×30 Stone ×5 Fiber ×15	Technology Lv. 3	High Quality Workbench Production Assembly Line Production Assembly Line II Advanced Workshop Weapon Workbench Weapon Assembly Line Weapon Assembly Line II Advanced Weapon Assembly Line Primitive Workbench Ancient Workbench
Uncommon	130	6	400	Wood ×37 Stone ×6 Fiber ×18	Old Bow Schematic 1	High Quality Workbench Production Assembly Line Production Assembly Line II Advanced Workshop Weapon Workbench Weapon Assembly Line Weapon Assembly Line II Advanced Weapon Assembly Line Primitive Workbench Ancient Workbench
Rare	169	6	500	Wood ×45 Stone ×7 Fiber ×22	Old Bow Schematic 2	High Quality Workbench Production Assembly Line Production Assembly Line II Advanced Workshop Weapon Workbench Weapon Assembly Line Weapon Assembly Line II Advanced Weapon Assembly Line Primitive Workbench Ancient Workbench
Epic	208	6	600	Wood ×52 Stone ×8 Fiber ×26	Old Bow Schematic 3	High Quality Workbench Production Assembly Line Production Assembly Line II Advanced Workshop Weapon Workbench Weapon Assembly Line Weapon Assembly Line II Advanced Weapon Assembly Line Primitive Workbench Ancient Workbench
Legendary	247	6	700	Wood ×60 Stone ×10 Fiber ×30 Ancient Civilization Parts ×1	Old Bow Schematic 4	High Quality Workbench Production Assembly Line Production Assembly Line II Advanced Workshop Weapon Workbench Weapon Assembly Line Weapon Assembly Line II Advanced Weapon Assembly Line Primitive Workbench Ancient Workbench	Rarity	Attack	Mag Size	Weight	Durability	Materials	Schematic Unlock	Crafting Station
Common	65	1	6	150	Wood ×40 Stone ×8 Fiber ×20 Venom Gland ×2	—	Not craftable (drop only)	Rarity	Attack	Mag Size	Weight	Durability	Materials	Schematic Unlock	Crafting Station
Common	40	1	8	250	Wood ×50 Stone ×12 Fiber ×30	—	High Quality Workbench Production Assembly Line Production Assembly Line II Advanced Workshop Weapon Workbench Weapon Assembly Line Weapon Assembly Line II Advanced Weapon Assembly Line Primitive Workbench Ancient Workbench	Rarity	Attack	Weight	Durability	Materials	Schematic Unlock	Crafting Station
Common	280	13	300	Wood ×50 Stone ×40 Ingot ×10 Nail ×2	Technology Lv. 13	High Quality Workbench Production Assembly Line Production Assembly Line II Advanced Workshop Weapon Workbench Weapon Assembly Line Weapon Assembly Line II Advanced Weapon Assembly Line Ancient Workbench
Uncommon	364	13	800	Wood ×62 Stone ×50 Ingot ×12 Nail ×2	Crossbow Schematic 1	High Quality Workbench Production Assembly Line Production Assembly Line II Advanced Workshop Weapon Workbench Weapon Assembly Line Weapon Assembly Line II Advanced Weapon Assembly Line Ancient Workbench
Rare	406	13	1000	Wood ×75 Stone ×60 Ingot ×15 Nail ×3	Crossbow Schematic 2	High Quality Workbench Production Assembly Line Production Assembly Line II Advanced Workshop Weapon Workbench Weapon Assembly Line Weapon Assembly Line II Advanced Weapon Assembly Line Ancient Workbench
Epic	448	13	1200	Wood ×87 Stone ×70 Ingot ×17 Nail ×4	Crossbow Schematic 3	High Quality Workbench Production Assembly Line Production Assembly Line II Advanced Workshop Weapon Workbench Weapon Assembly Line Weapon Assembly Line II Advanced Weapon Assembly Line Ancient Workbench
Legendary	490	13	1400	Wood ×100 Stone ×80 Ingot ×20 Nail ×5 Ancient Civilization Parts ×1	Crossbow Schematic 4	High Quality Workbench Production Assembly Line Production Assembly Line II Advanced Workshop Weapon Workbench Weapon Assembly Line Weapon Assembly Line II Advanced Weapon Assembly Line Ancient Workbench	Rarity	Attack	Weight	Durability	Materials	Schematic Unlock	Crafting Station
Common	280	13	300	Wood ×50 Stone ×50 Ingot ×15 Nail ×3 Flame Organ ×5	—	Not craftable (drop only)
Uncommon	364	13	800	Wood ×62 Stone ×62 Ingot ×18 Nail ×3	Fire Arrow Crossbow Schematic 1	Not craftable (drop only)
Rare	406	13	1000	Wood ×75 Stone ×75 Ingot ×22 Nail ×4	Fire Arrow Crossbow Schematic 2	Not craftable (drop only)
Epic	448	13	1200	Wood ×87 Stone ×87 Ingot ×26 Nail ×5 Ancient Civilization Parts ×1	Fire Arrow Crossbow Schematic 3	Not craftable (drop only)
Legendary	490	13	1400	Wood ×100 Stone ×100 Ingot ×30 Nail ×6 Ancient Civilization Parts ×2	Fire Arrow Crossbow Schematic 4	Not craftable (drop only)	Rarity	Attack	Weight	Durability	Materials	Schematic Unlock	Crafting Station
Common	280	13	300	Wood ×50 Stone ×50 Ingot ×15 Nail ×3 Venom Gland ×5	—	Not craftable (drop only)
Uncommon	364	13	800	Wood ×62 Stone ×62 Ingot ×18 Nail ×3	Poison Arrow Crossbow Schematic 1	Not craftable (drop only)
Rare	406	13	1000	Wood ×75 Stone ×75 Ingot ×22 Nail ×4	Poison Arrow Crossbow Schematic 2	Not craftable (drop only)
Epic	448	13	1200	Wood ×87 Stone ×87 Ingot ×26 Nail ×5 Ancient Civilization Parts ×1	Poison Arrow Crossbow Schematic 3	Not craftable (drop only)
Legendary	490	13	1400	Wood ×100 Stone ×100 Ingot ×30 Nail ×6 Ancient Civilization Parts ×2	Poison Arrow Crossbow Schematic 4	Not craftable (drop only)	Rarity	Attack	Mag Size	Weight	Durability	Materials	Schematic Unlock	Crafting Station
Common	250	8	8	400	Ingot ×45 High Quality Pal Oil ×10 Fiber ×30	Technology Lv. 25	Weapon Workbench Weapon Assembly Line Weapon Assembly Line II Advanced Weapon Assembly Line	Rarity	Attack	Mag Size	Weight	Durability	Materials	Schematic Unlock	Crafting Station
Common	250	8	8	400	Ingot ×50 High Quality Pal Oil ×15	Technology Lv. 28	Weapon Workbench Weapon Assembly Line Weapon Assembly Line II Advanced Weapon Assembly Line
Uncommon	437	10	8	1200	Ingot ×100 High Quality Pal Oil ×30 Ancient Civilization Parts ×3	Handgun Schematic 1	Weapon Workbench Weapon Assembly Line Weapon Assembly Line II Advanced Weapon Assembly Line
Rare	500	12	8	1600	Ingot ×150 High Quality Pal Oil ×45 Ancient Civilization Parts ×5	Handgun Schematic 2	Weapon Workbench Weapon Assembly Line Weapon Assembly Line II Advanced Weapon Assembly Line
Epic	562	14	8	2000	Ingot ×225 High Quality Pal Oil ×67 Ancient Civilization Parts ×7	Handgun Schematic 3	Weapon Workbench Weapon Assembly Line Weapon Assembly Line II Advanced Weapon Assembly Line
Legendary	625	16	8	2400	Ingot ×337 High Quality Pal Oil ×100 Ancient Civilization Parts ×14	Handgun Schematic 4	Weapon Workbench Weapon Assembly Line Weapon Assembly Line II Advanced Weapon Assembly Line	Rarity	Attack	Weight	Durability	Materials	Schematic Unlock	Crafting Station
Common	320	10	300	Ingot ×35 High Quality Pal Oil ×10 Fiber ×30	Technology Lv. 24	Weapon Workbench Weapon Assembly Line Weapon Assembly Line II Advanced Weapon Assembly Line Ancient Workbench
Uncommon	560	10	600	Ingot ×43 High Quality Pal Oil ×12 Fiber ×37	Makeshift Handgun Schematic 1	Weapon Workbench Weapon Assembly Line Weapon Assembly Line II Advanced Weapon Assembly Line Ancient Workbench
Rare	640	10	900	Ingot ×52 High Quality Pal Oil ×15 Fiber ×45	Makeshift Handgun Schematic 2	Weapon Workbench Weapon Assembly Line Weapon Assembly Line II Advanced Weapon Assembly Line Ancient Workbench
Epic	720	10	1200	Ingot ×61 High Quality Pal Oil ×17 Fiber ×52 Ancient Civilization Parts ×1	Makeshift Handgun Schematic 3	Weapon Workbench Weapon Assembly Line Weapon Assembly Line II Advanced Weapon Assembly Line Ancient Workbench
Legendary	800	10	1500	Ingot ×70 High Quality Pal Oil ×20 Fiber ×60 Ancient Civilization Parts ×2	Makeshift Handgun Schematic 4	Weapon Workbench Weapon Assembly Line Weapon Assembly Line II Advanced Weapon Assembly Line Ancient Workbench	Rarity	Attack	Mag Size	Weight	Durability	Materials	Schematic Unlock	Crafting Station
Common	250	8	8	400	Coralum Ingot ×150 Hexolite ×120 Carbon Fiber ×200 Circuit Board ×100	Technology Lv. 63	Advanced Weapon Assembly Line Ancient Workbench	Rarity	Attack	Weight	Durability	Materials	Schematic Unlock	Crafting Station
Common	10000	30	300	Coralum Ingot ×75 Polymer ×30 Carbon Fiber ×25 Computer ×10	Technology Lv. 65	Weapon Assembly Line II Advanced Weapon Assembly Line Ancient Workbench
Uncommon	11000	30	800	Coralum Ingot ×93 Polymer ×37 Carbon Fiber ×31 Computer ×12 Ancient Civilization Parts ×5	Rocket Launcher Schematic 1	Weapon Assembly Line II Advanced Weapon Assembly Line Ancient Workbench
Rare	12000	30	1000	Coralum Ingot ×112 Polymer ×45 Carbon Fiber ×37 Computer ×15 Ancient Civilization Parts ×6	Rocket Launcher Schematic 2	Weapon Assembly Line II Advanced Weapon Assembly Line Ancient Workbench
Epic	13000	30	1200	Coralum Ingot ×131 Polymer ×52 Carbon Fiber ×43 Computer ×17 Ancient Civilization Parts ×7	Rocket Launcher Schematic 3	Weapon Assembly Line II Advanced Weapon Assembly Line Ancient Workbench
Legendary	14000	30	1400	Coralum Ingot ×150 Polymer ×60 Carbon Fiber ×50 Computer ×20 Ancient Civilization Parts ×8	Rocket Launcher Schematic 4	Weapon Assembly Line II Advanced Weapon Assembly Line Ancient Workbench	Rarity	Attack	Weight	Durability	Materials	Schematic Unlock	Crafting Station
Common	750	0.1	—	Gunpowder ×1 Corrosive Solvent ×1	Technology Lv. 40	Weapon Workbench Weapon Assembly Line Weapon Assembly Line II Advanced Weapon Assembly Line Ancient Workbench	Rarity	Attack	Weight	Durability	Materials	Schematic Unlock	Crafting Station
Common	750	0.1	—	Gunpowder ×1 Stone ×10 Horn ×1	Technology Lv. 42	Weapon Workbench Weapon Assembly Line Weapon Assembly Line II Advanced Weapon Assembly Line Ancient Workbench	Rarity	Attack	Weight	Durability	Materials	Schematic Unlock	Crafting Station
Common	750	0.1	—	Gunpowder ×1 Stone ×10	Technology Lv. 25	Weapon Workbench Weapon Assembly Line Weapon Assembly Line II Advanced Weapon Assembly Line Ancient Workbench	Rarity	Attack	Weight	Durability	Materials	Schematic Unlock	Crafting Station
Common	4000	0.1	—	Gunpowder ×1 Pal Metal Ingot ×3 Crude Oil ×3	Technology Lv. 53	Weapon Workbench Weapon Assembly Line Weapon Assembly Line II Advanced Weapon Assembly Line Ancient Workbench	Rarity	Attack	Weight	Durability	Materials	Schematic Unlock	Crafting Station
Common	750	0.1	—	Gunpowder ×1 Hardwood ×1	Technology Lv. 35	Weapon Workbench Weapon Assembly Line Weapon Assembly Line II Advanced Weapon Assembly Line Ancient Workbench	Rarity	Attack	Weight	Durability	Materials	Schematic Unlock	Crafting Station
Common	750	0.1	—	Gunpowder ×1 Stone ×10 Ore ×1	Technology Lv. 38	Weapon Workbench Weapon Assembly Line Weapon Assembly Line II Advanced Weapon Assembly Line Ancient Workbench	Rarity	Attack	Weight	Durability	Materials	Schematic Unlock	Crafting Station
Common	750	0.1	—	Gunpowder ×1 Stone ×10 Ice Organ ×1	Technology Lv. 29	Weapon Workbench Weapon Assembly Line Weapon Assembly Line II Advanced Weapon Assembly Line Ancient Workbench	Rarity	Attack	Weight	Durability	Materials	Schematic Unlock	Crafting Station
Common	750	0.1	—	Gunpowder ×1 Stone ×10 Flame Organ ×1	Technology Lv. 31	Weapon Workbench Weapon Assembly Line Weapon Assembly Line II Advanced Weapon Assembly Line Ancient Workbench	Rarity	Attack	Weight	Durability	Materials	Schematic Unlock	Crafting Station
Common	750	0.1	—	Gunpowder ×1 Stone ×10 Electric Organ ×1	Technology Lv. 27	Weapon Workbench Weapon Assembly Line Weapon Assembly Line II Advanced Weapon Assembly Line Ancient Workbench	Rarity	Attack	Weight	Durability	Materials	Schematic Unlock	Crafting Station
Common	750	0.1	—	Gunpowder ×1 Cryogenic Coolant ×1	Technology Lv. 33	Weapon Workbench Weapon Assembly Line Weapon Assembly Line II Advanced Weapon Assembly Line Ancient Workbench	Rarity	Attack	Weight	Durability	Materials	Schematic Unlock	Crafting Station
Common	50	3	150	Wood ×30 Stone ×10	Technology Lv. 7	High Quality Workbench Production Assembly Line Production Assembly Line II Advanced Workshop Weapon Workbench Weapon Assembly Line Weapon Assembly Line II Advanced Weapon Assembly Line Primitive Workbench	Rarity	Attack	Weight	Durability	Materials	Schematic Unlock	Crafting Station
Uncommon	150	15	400	Wood ×1 Honey ×1	—	Not craftable (drop only)	Rarity	Attack	Weight	Durability	Materials	Schematic Unlock	Crafting Station
Uncommon	150	20	300	Wood ×1 Honey ×1	—	Not craftable (drop only)	Rarity	Attack	Weight	Durability	Materials	Schematic Unlock	Crafting Station
Rare	860	10	500	Paldium Fragment ×20 Refined Ingot ×30 High Quality Cloth ×20 High Quality Wooden Board ×3	Technology Lv. 55	Production Assembly Line Production Assembly Line II Advanced Workshop Weapon Assembly Line Weapon Assembly Line II Advanced Weapon Assembly Line Ancient Workbench
Legendary	1075	10	2000	Paldium Fragment ×40 Refined Ingot ×60 High Quality Cloth ×30 High Quality Wooden Board ×6	Lily's Spear Schematic 4	Production Assembly Line Production Assembly Line II Advanced Workshop Weapon Assembly Line Weapon Assembly Line II Advanced Weapon Assembly Line Ancient Workbench	Rarity	Attack	Weight	Durability	Materials	Schematic Unlock	Crafting Station
Common	80	15	250	Wood ×27 Stone ×12 Ingot ×10	Technology Lv. 13	High Quality Workbench Production Assembly Line Production Assembly Line II Advanced Workshop Weapon Workbench Weapon Assembly Line Weapon Assembly Line II Advanced Weapon Assembly Line Ancient Workbench	Rarity	Attack	Weight	Durability	Materials	Schematic Unlock	Crafting Station
Common	310	20	300	Wood ×36 Stone ×18 Refined Ingot ×10	Technology Lv. 34	Production Assembly Line Production Assembly Line II Advanced Workshop Weapon Assembly Line Weapon Assembly Line II Advanced Weapon Assembly Line Ancient Workbench	Rarity	Attack	Weight	Durability	Materials	Schematic Unlock	Crafting Station
Common	35	10	200	Wood ×18 Stone ×6	Technology Lv. 3	High Quality Workbench Production Assembly Line Production Assembly Line II Advanced Workshop Weapon Workbench Weapon Assembly Line Weapon Assembly Line II Advanced Weapon Assembly Line Primitive Workbench Ancient Workbench	Rarity	Attack	Weight	Durability	Materials	Schematic Unlock	Crafting Station
Common	10	10	300	Ingot ×20 Electric Organ ×20	Technology Lv. 22	High Quality Workbench Production Assembly Line Production Assembly Line II Advanced Workshop Weapon Workbench Weapon Assembly Line Weapon Assembly Line II Advanced Weapon Assembly Line Ancient Workbench	Rarity	Attack	Weight	Durability	Materials	Schematic Unlock	Crafting Station
Common	360	10	500	Ingot ×30 Wooden Board ×2 Stone ×20	Technology Lv. 29	High Quality Workbench Production Assembly Line Production Assembly Line II Advanced Workshop Weapon Workbench Weapon Assembly Line Weapon Assembly Line II Advanced Weapon Assembly Line Ancient Workbench
Uncommon	396	10	750	Ingot ×37 Wooden Board ×2 Stone ×25	Sword Schematic 1	High Quality Workbench Production Assembly Line Production Assembly Line II Advanced Workshop Weapon Workbench Weapon Assembly Line Weapon Assembly Line II Advanced Weapon Assembly Line Ancient Workbench
Rare	432	10	1000	Ingot ×45 Wooden Board ×3 Stone ×30	Sword Schematic 2	High Quality Workbench Production Assembly Line Production Assembly Line II Advanced Workshop Weapon Workbench Weapon Assembly Line Weapon Assembly Line II Advanced Weapon Assembly Line Ancient Workbench
Epic	468	10	1500	Ingot ×52 Wooden Board ×4 Stone ×35 Ancient Civilization Parts ×1	Sword Schematic 3	High Quality Workbench Production Assembly Line Production Assembly Line II Advanced Workshop Weapon Workbench Weapon Assembly Line Weapon Assembly Line II Advanced Weapon Assembly Line Ancient Workbench
Legendary	540	10	2000	Ingot ×60 Wooden Board ×5 Stone ×40 Ancient Civilization Parts ×2	Sword Schematic 4	High Quality Workbench Production Assembly Line Production Assembly Line II Advanced Workshop Weapon Workbench Weapon Assembly Line Weapon Assembly Line II Advanced Weapon Assembly Line Ancient Workbench	Rarity	Attack	Weight	Durability	Materials	Schematic Unlock	Crafting Station
Common	25	5	150	Wood ×5	Technology Lv. 1	High Quality Workbench Production Assembly Line Production Assembly Line II Advanced Workshop Weapon Workbench Weapon Assembly Line Weapon Assembly Line II Advanced Weapon Assembly Line Primitive Workbench Ancient Workbench	Rarity	Attack	Materials	Durability	Crafting Station
Common	—	Ingot ×30 Polymer ×10 Paldium Fragment ×15 Ancient Civilization Parts ×3	—	Weapon Workbench Weapon Assembly Line Weapon Assembly Line II Advanced Weapon Assembly Line Ancient Workbench	Rarity	Attack	Materials	Durability	Crafting Station
Common	—	Ingot ×30 Polymer ×10 Paldium Fragment ×15 Ancient Civilization Parts ×3	—	Weapon Workbench Weapon Assembly Line Weapon Assembly Line II Advanced Weapon Assembly Line	Rarity	Attack	Materials	Durability	Crafting Station
Common	—	Ingot ×30 Polymer ×10 Paldium Fragment ×15 Ancient Civilization Parts ×3	—	Weapon Workbench Weapon Assembly Line Weapon Assembly Line II Advanced Weapon Assembly Line	Rarity	Attack	Materials	Durability	Crafting Station
Common	—	Ingot ×30 Polymer ×10 Paldium Fragment ×15 Ancient Civilization Parts ×3	—	Weapon Workbench Weapon Assembly Line Weapon Assembly Line II Advanced Weapon Assembly Line	Rarity	Attack	Materials	Durability	Crafting Station
Common	—	Ingot ×30 Polymer ×10 Paldium Fragment ×15 Ancient Civilization Parts ×3	—	Weapon Workbench Weapon Assembly Line Weapon Assembly Line II Advanced Weapon Assembly Line	Rarity	Attack	Materials	Durability	Crafting Station
Common	25	Paldium Fragment ×10 Aquatic Pal Fluids ×3 Ingot ×8 Fiber ×8	120	High Quality Workbench Production Assembly Line Production Assembly Line II Advanced Workshop	Rarity	Attack	Materials	Durability	Crafting Station
Common	25	Aquatic Pal Fluids ×6 Paldium Fragment ×20 Ingot ×16 Fiber ×16 Coralum Ore ×3	180	High Quality Workbench Production Assembly Line Production Assembly Line II Advanced Workshop	Rarity	Attack	Materials	Durability	Crafting Station
Uncommon	25	Paldium Fragment ×30 High Quality Pal Oil ×5 Cement ×10 Fiber ×30	240	Production Assembly Line Production Assembly Line II Advanced Workshop Ancient Workbench	Rarity	Attack	Materials	Durability	Crafting Station
Rare	25	Paldium Fragment ×60 High Quality Pal Oil ×10 Cement ×20 Fiber ×60 Coralum Ore ×10	360	Production Assembly Line Production Assembly Line II Advanced Workshop	Rarity	Attack	Materials	Durability	Crafting Station
Epic	25	Paldium Fragment ×70 High Quality Pal Oil ×15 Pal Metal Ingot ×15 Carbon Fiber ×10	480	Production Assembly Line II Advanced Workshop Ancient Workbench	Rarity	Attack	Materials	Durability	Crafting Station
Common	—	Paldium Fragment ×10 Ingot ×10 Fiber ×30 Ancient Civilization Parts ×1	—	High Quality Workbench Production Assembly Line Production Assembly Line II Advanced Workshop Weapon Workbench Weapon Assembly Line Weapon Assembly Line II Advanced Weapon Assembly Line Ancient Workbench	Rarity	Attack	Materials	Durability	Crafting Station
Uncommon	—	Paldium Fragment ×20 Ingot ×20 Fiber ×50 Ancient Civilization Parts ×3	—	High Quality Workbench Production Assembly Line Production Assembly Line II Advanced Workshop Weapon Workbench Weapon Assembly Line Weapon Assembly Line II Advanced Weapon Assembly Line Ancient Workbench	Rarity	Attack	Materials	Durability	Crafting Station
Rare	—	Paldium Fragment ×30 Ingot ×30 Fiber ×80 Ancient Civilization Parts ×5	—	Production Assembly Line Production Assembly Line II Advanced Workshop Weapon Assembly Line Weapon Assembly Line II Advanced Weapon Assembly Line Ancient Workbench	Rarity	Attack	Materials	Durability	Crafting Station
Epic	—	Paldium Fragment ×40 Refined Ingot ×30 Carbon Fiber ×20 Polymer ×20 Ancient Civilization Parts ×7	—	Production Assembly Line II Advanced Workshop Weapon Assembly Line II Advanced Weapon Assembly Line Ancient Workbench	Rarity	Attack	Materials	Durability	Crafting Station
Legendary	—	Paldium Fragment ×100 Coralum Ingot ×30 Carbon Fiber ×50 Polymer ×50 Ancient Civilization Parts ×10	—	Advanced Workshop Advanced Weapon Assembly Line Ancient Workbench	Rarity	Attack	Materials	Durability	Crafting Station
Common	—	Pal Metal Ingot ×100 Polymer ×50 Paldium Fragment ×200 Carbon Fiber ×50 Ancient Civilization Parts ×20	—	Weapon Assembly Line II Advanced Weapon Assembly Line	Rarity	Attack	Materials	Durability	Crafting Station
Common	—	Refined Ingot ×50 Polymer ×15 Paldium Fragment ×50 Carbon Fiber ×30 Ancient Civilization Parts ×5	—	Weapon Assembly Line Weapon Assembly Line II Advanced Weapon Assembly Line Ancient Workbench	Rarity	Attack	Materials	Durability	Crafting Station
Common	—	Ingot ×50 Stone ×100 Paldium Fragment ×50 Ancient Civilization Parts ×3	—	Weapon Workbench Weapon Assembly Line Weapon Assembly Line II Advanced Weapon Assembly Line Ancient Workbench	Rarity	Attack	Materials	Durability	Crafting Station
Common	20	Stone ×5 Wood ×5	150	High Quality Workbench Production Assembly Line Production Assembly Line II Advanced Workshop Weapon Workbench Weapon Assembly Line Weapon Assembly Line II Advanced Weapon Assembly Line Primitive Workbench Ancient Workbench	Rarity	Attack	Materials	Durability	Crafting Station
Uncommon	30	Stone ×15 Wood ×20 Ingot ×15	250	High Quality Workbench Production Assembly Line Production Assembly Line II Advanced Workshop Weapon Workbench Weapon Assembly Line Weapon Assembly Line II Advanced Weapon Assembly Line Ancient Workbench	Rarity	Attack	Materials	Durability	Crafting Station
Rare	60	Stone ×30 Wooden Board ×4 Refined Ingot ×10	300	Production Assembly Line Production Assembly Line II Advanced Workshop Weapon Assembly Line Weapon Assembly Line II Advanced Weapon Assembly Line Ancient Workbench	Rarity	Attack	Materials	Durability	Crafting Station
Common	120	Pal Metal Ingot ×10 High Quality Wooden Board ×10 Stone ×100 Corrosive Solvent ×5	400	Production Assembly Line II Advanced Workshop Weapon Assembly Line II Advanced Weapon Assembly Line Ancient Workbench	Rarity	Attack	Materials	Durability	Crafting Station
Common	20	Stone ×5 Wood ×5	150	High Quality Workbench Production Assembly Line Production Assembly Line II Advanced Workshop Weapon Workbench Weapon Assembly Line Weapon Assembly Line II Advanced Weapon Assembly Line Primitive Workbench	Rarity	Attack	Materials	Durability	Crafting Station
Uncommon	30	Stone ×15 Wood ×20 Ingot ×15	250	High Quality Workbench Production Assembly Line Production Assembly Line II Advanced Workshop Weapon Workbench Weapon Assembly Line Weapon Assembly Line II Advanced Weapon Assembly Line Ancient Workbench	Rarity	Attack	Materials	Durability	Crafting Station
Rare	60	Stone ×30 Wooden Board ×4 Refined Ingot ×10	300	Production Assembly Line Production Assembly Line II Advanced Workshop Weapon Assembly Line Weapon Assembly Line II Advanced Weapon Assembly Line Ancient Workbench	Rarity	Attack	Materials	Durability	Crafting Station
Common	120	Pal Metal Ingot ×10 High Quality Wooden Board ×10 Stone ×100 Corrosive Solvent ×5	400	Production Assembly Line II Advanced Workshop Weapon Assembly Line II Advanced Weapon Assembly Line Ancient Workbench	Rarity	Attack	Materials	Durability	Crafting Station
Epic	—	Plasteel ×30 Paldium Fragment ×100 Computer ×15 Nightstar Sand ×20	400	Production Assembly Line II Advanced Workshop Ancient Workbench	Rarity	Attack	Materials	Durability	Crafting Station
Common	—	Gunpowder ×1 Stone ×10 Cavern Mushroom ×5	—	Weapon Workbench Weapon Assembly Line Weapon Assembly Line II Advanced Weapon Assembly Line Ancient Workbench	Rarity	Attack	Materials	Durability	Crafting Station
Legendary	250	Pal Metal Ingot ×50 Plasteel ×50 Bio Battery ×30 Computer ×10 Cryogenic Coolant ×10	850	Production Assembly Line II Advanced Workshop Weapon Assembly Line II Advanced Weapon Assembly Line Ancient Workbench	Rarity	Attack	Materials	Durability	Crafting Station
Common	10	Wood ×2 Stone ×2	100	High Quality Workbench Production Assembly Line Production Assembly Line II Advanced Workshop Weapon Workbench Weapon Assembly Line Weapon Assembly Line II Advanced Weapon Assembly Line Primitive Workbench Ancient Workbench	Rarity	Attack	Materials	Durability	Crafting Station
